professor,time_from,time_to,day,rooms,subject,groups
Александар Стојменски,08:00:00,09:45:00,Понеделник,315 ТМФ,Структурно програмирање,1г-ИМБ-2
Александар Стојменски,10:00:00,13:45:00,Вторник,ЛАБ.138,Структурно програмирање,1y-Foreign Students
Александар Стојменски,15:00:00,16:45:00,Среда,Барака 2.2,Структурно програмирање,1г-ПИТ-3
Александар Стојменски,11:00:00,13:45:00,Среда,ЛАБ.138,Структурно програмирање,1г-ССП
Александар Стојменски,11:00:00,13:45:00,Четврток,ЛАБ.138,Структурно програмирање,1г-ССП
Александар Тенев,14:00:00,14:45:00,Понеделник,online,Бизнис и менаџмент,"1г-СИИС-1,1г-СИИС-2"
Александар Тенев,14:00:00,14:45:00,Вторник,online,Бизнис и менаџмент,"1г-ПИТ-5,1г-СИИС-3,1г-ИМБ-1"
Александар Тенев,16:00:00,17:45:00,Вторник,Барака 1,Структурно програмирање,1г-ПИТ-1
Александар Тенев,14:00:00,15:45:00,Среда,online,Економија за ИКТ инженери,"2г-ПИТ-3,2г-ПИТ-4,2г-ПИТ-1"
Александар Тенев,14:00:00,15:45:00,Петок,117 ТМФ,Алгоритми и податочни структури,2г-ПИТ-3
Александар Тенев,12:00:00,13:45:00,Петок,online,Економија за ИКТ инженери,"2г-СИИС-1,2г-СИИС-2,2г-СИИС-3,2y-SEIS-1"
Александра Дединец,10:00:00,12:45:00,Вторник,online,Вовед во паметни градови,"4г-КН,4г-СИИС"
Александра Дединец,09:00:00,10:45:00,Четврток,112 ФЕИТ,Компјутерски мрежи и безбедност,2y-SEIS-1
Александра Дединец,12:00:00,13:45:00,Петок,223 ФЕИТ,Компјутерски мрежи и безбедност,"2г-ПИТ-3,2г-ПИТ-4"
Александра Поповска Митровиќ,14:00:00,15:45:00,Понеделник,Барака 2.1,Основи на теоријата на информации,2г-ИМБ
Александра Поповска Митровиќ,12:00:00,14:45:00,Вторник,Барака 2.2,Основи на теоријата на информации,2г-ИМБ
Александра Поповска Митровиќ,08:00:00,09:45:00,Вторник,Барака 1,Веројатност и статистика,2г-КИ
Александра Поповска Митровиќ,09:00:00,11:45:00,Четврток,Барака 1,Математика 1 / Калкулус,1г-СИИС-2
Александра Поповска Митровиќ,09:00:00,11:45:00,Петок,Барака 1,Веројатност и статистика,2г-КИ
Ана Мадевска Богданова,11:00:00,12:45:00,Среда,Амфитеатар Педагаошка,Алгоритми и податочни структури,2г-СИИС-3
Ана Мадевска Богданова,16:00:00,17:45:00,Четврток,Барака 2.2,Алгоритми и податочни структури,"2г-ПИТ-4,2г-ПИТ-1"
Ана Мадевска Богданова,14:00:00,15:45:00,Четврток,225 МФ,Структурно програмирање,1г-ПИТ-2
Ана Тодоровска,15:00:00,16:45:00,Понеделник,online,Напредно програмирање,"2г-ПИТ-2,2г-ПИТ-1"
Ана Тодоровска,11:00:00,12:45:00,Вторник,Барака 3.2,Веб програмирање,"3г-СИИС-1,3г-КН"
Ана Тодоровска,15:00:00,16:45:00,Вторник,Амфитеатар Педагаошка,Напредно програмирање,"2г-СИИС-1,2г-ПИТ-3,2г-ПИТ-4"
Ана Тодоровска,17:00:00,18:45:00,Вторник,Амфитеатар Педагаошка,Напредно програмирање,"2г-КН,2y-SEIS-1,2г-КИ"
Ана Тодоровска,12:00:00,13:45:00,Среда,223 ФЕИТ,Веб програмирање,3г-ПИТ-1
Ана Тодоровска,15:00:00,16:45:00,Среда,online,Напредно програмирање,"2г-СИИС-3,2г-ПИТ-5,2г-СИИС-2"
Ана Тодоровска,12:00:00,13:45:00,Четврток,Барака 3.2,Вовед во науката за податоци,3г-СИИС-1
Ана Тодоровска,10:00:00,11:45:00,Петок,Барака 2.2,Веб програмирање,3г-ПИТ-2
Анастас Мишев,09:00:00,10:45:00,Понеделник,online,Мрежна и мобилна форензика,3г-ИМБ
Анастас Мишев,08:00:00,09:45:00,Вторник,Амфитеатар Педагаошка,Компјутерски мрежи и безбедност,"2г-ПИТ-1,2г-ПИТ-2"
Анастас Мишев,12:00:00,13:45:00,Вторник,online,Управување со техничка поддршка,"3г-ИМБ,3г-ПИТ-2"
Анастас Мишев,16:00:00,17:45:00,Вторник,online,Управување со техничка поддршка,"3г-ПИТ-1,3г-Oст"
Анастас Мишев,14:00:00,15:45:00,Петок,112 ФЕИТ,Сајбер безбедност / Мрежна безбедност,3г-ИМБ
Андреа Кулаков,14:00:00,15:45:00,Среда,Амфитеатар МФ,Вовед во науката за податоци,3г-ПИТ-1
Андреа Кулаков,17:00:00,18:45:00,Четврток,Барака 1,Основи на роботиката,"3г-ПИТ-1,3г-СИИС-1,3г-ПИТ-2"
Андреја Наумоски,13:00:00,14:45:00,Среда,online,Методологија на истражувањето во ИКТ,"3г-СИИС-1,3г-ПИТ-2"
Андреја Наумоски,10:00:00,12:45:00,Петок,online,Професионални вештини,"1г-ИМБ-1,1г-ИЕ"
Билјана Стојкоска Ристеска,09:00:00,11:45:00,Понеделник,online,Мултимедиски системи,3г-Oст
Билјана Стојкоска Ристеска,08:00:00,09:45:00,Вторник,online,Вовед во компјутерските науки,"1г-ПИТ-2,1г-ИМБ-1,1г-ИЕ"
Билјана Стојкоска Ристеска,09:00:00,11:45:00,Четврток,online,Професионални вештини,1г-СИИС-1
Билјана Тојтовска Рибарски,11:00:00,13:45:00,Вторник,117 ТМФ,Веројатност и статистика,2г-СИИС-3
Билјана Тојтовска Рибарски,08:00:00,10:45:00,Среда,Барака 3.2,Дискретни структури 1,1г-КН
Бобан Јоксимоски,18:00:00,19:45:00,Понеделник,online,Напреден веб дизајн,"3г-ПИТ-1,3г-ПИТ-2"
Бобан Јоксимоски,15:00:00,16:45:00,Вторник,Амфитеатар МФ,Напреден веб дизајн,"3г-СИИС-1,3г-СИИС-2"
Бобан Јоксимоски,17:00:00,17:45:00,Вторник,Амфитеатар МФ,Напреден веб дизајн,"3г-СИИС-1,3г-СИИС-2"
Бобан Јоксимоски,14:00:00,14:45:00,Вторник,online,Напреден веб дизајн,"3г-ПИТ-1,3г-ПИТ-2"
Бобан Јоксимоски,12:00:00,12:45:00,Среда,online,Имплементација на софтверски системи со слободен и отворен код,"3г-СИИС-1,3г-СИИС-2,3г-ПИТ-2"
Бобан Јоксимоски,08:00:00,11:45:00,Четврток,online,Дигитизација,"2г-ПИТ-1,2г-ПИТ-2,2г-ПИТ-3,2г-ПИТ-4,2г-ПИТ-5"
Бобан Јоксимоски,14:00:00,15:45:00,Четврток,315 ТМФ,Структурно програмирање,1г-СИИС-3
Бојан Илијоски,09:00:00,10:45:00,Понеделник,online,Интернет програмирање на клиентска страна,"2г-СИИС-1,2г-КИ"
Бојан Илијоски,19:00:00,19:45:00,Понеделник,Амфитеатар МФ,Интернет програмирање на клиентска страна,"2г-КИ,2г-КН,2г-СИИС-1,2г-ПИТ-1"
Бојан Илијоски,12:00:00,13:45:00,Вторник,online,Интернет програмирање на клиентска страна,2г-ПИТ-1
Бојан Илијоски,15:00:00,15:45:00,Вторник,online,Напредна интеракција човек компјутер,3г-Oст
Бојан Илијоски,09:00:00,10:45:00,Среда,online,Интернет програмирање на клиентска страна,"2г-ПИТ-2,2г-КН"
Бојан Илијоски,11:00:00,12:45:00,Среда,online,Интернет програмирање на клиентска страна,"2y-SEIS-1,2г-ИМБ,2г-СИИС-2"
Бојан Илијоски,13:00:00,13:45:00,Среда,Амфитеатар Педагаошка,Интернет програмирање на клиентска страна,"2г-СИИС-2,2г-ИМБ,2y-SEIS-1,2г-ПИТ-2"
Бојан Илијоски,16:00:00,19:45:00,Четврток,Амфитеатар МФ,Компјутерска етика,3y-SEIS-1
Бојана Котеска,09:00:00,11:45:00,Понеделник,online,Вовед во компјутерските науки,1г-СИИС-1
Бојана Котеска,09:00:00,12:45:00,Вторник,203 ТМФ,Вовед во компјутерските науки,1г-ССП
Бојана Котеска,08:00:00,09:45:00,Четврток,117 ТМФ,Алгоритми и податочни структури,2г-СИИС-2
Боро Јакимовски,08:00:00,09:45:00,Среда,315 ТМФ,Администрација на системи,"3г-ИМБ,3г-ПИТ-1,3г-ПИТ-2"
Боро Јакимовски,08:00:00,09:45:00,Четврток,315 ТМФ,Дистрибуирани системи,4г-ИМБ
Вангел Ајановски,16:00:00,19:45:00,Понеделник,online,"Компјутерски звук, музика и говор",2г-Oст
Вангел Ајановски,16:00:00,19:45:00,Среда,Амфитеатар МФ,Бази на податоци,"3г-ИМБ,3г-КИ,3г-Oст"
Верица Бакева,14:00:00,15:45:00,Понеделник,Барака 2.1,Основи на теоријата на информации,2г-ИМБ
Верица Бакева,12:00:00,14:45:00,Вторник,Барака 2.2,Основи на теоријата на информации,2г-ИМБ
Верица Бакева,12:00:00,14:45:00,Среда,Барака 2.2,Математика 1 / Калкулус,1г-ИМБ-2
Верица Бакева,14:00:00,15:45:00,Четврток,Амфитеатар ТМФ,Веројатност и статистика,2г-КН
Верица Бакева,11:00:00,13:45:00,Петок,117 ТМФ,Веројатност и статистика,2г-КН
Весна Димитриевска Ристовска,08:00:00,10:45:00,Понеделник,Барака 2.2,Калкулус 1,"1г-КН,1г-КИ"
Весна Димитриевска Ристовска,17:00:00,19:45:00,Вторник,Барака 3.2,Избрани теми од математика / Дискретна математика,1г-ПИТ-3
Весна Димитриевска Ристовска,13:00:00,15:45:00,Вторник,Барака 3.2,Избрани теми од математика / Дискретна математика,1г-ПИТ-3
Весна Димитриевска Ристовска,15:00:00,17:45:00,Среда,117 ТМФ,Математика 1 / Калкулус,1г-СИИС-1
Весна Димитрова,13:00:00,15:45:00,Понеделник,Барака 3.2,Математика 1 / Калкулус,"1г-ИМБ-1,1г-ИЕ"
Весна Димитрова,08:00:00,11:45:00,Вторник,online,Инженерска математика,2г-КН
Весна Димитрова,12:00:00,13:45:00,Вторник,315 ТМФ,Информациска безбедност,3г-ПИТ-1
Владимир Здравески,15:00:00,17:45:00,Вторник,224 МФ,Паралелно и дистрибуирано процесирање,3г-КН
Владимир Здравески,12:00:00,13:45:00,Среда,online,Бизнис и менаџмент,"1y-SEIS-1,1y-Foreign Students"
Владимир Здравески,14:00:00,14:45:00,Среда,online,Бизнис и менаџмент,1y-Foreign Students
Владимир Здравески,15:00:00,16:45:00,Четврток,online,Бизнис и менаџмент,"1г-ПИТ-1,1г-ПИТ-4,1г-ИМБ-2"
Владимир Трајковиќ,14:00:00,15:45:00,Вторник,315 ТМФ,Анализа и дизајн на ИС,"4г-ПИТ,4г-СИИС"
Владимир Трајковиќ,11:00:00,12:45:00,Среда,315 ТМФ,Алгоритми и податочни структури,"2г-КН,2г-КИ"
Владимир Трајковиќ,13:00:00,14:45:00,Среда,online,Методологија на истражувањето во ИКТ,"3г-СИИС-1,3г-ПИТ-2"
Владислав Бидиков,18:00:00,19:45:00,Четврток,315 ТМФ,Пресметување во облак,4г-ИМБ
Влатко Спасев,16:00:00,17:45:00,Понеделник,315 ТМФ,Структурно програмирање,1г-КН
Влатко Спасев,19:00:00,19:45:00,Понеделник,Амфитеатар МФ,Интернет програмирање на клиентска страна,"2г-КИ,2г-КН,2г-СИИС-1,2г-ПИТ-1"
Влатко Спасев,18:00:00,18:45:00,Понеделник,Амфитеатар МФ,Шаблони за дизајн на кориснички интерфејси,"2г-СИИС-1,2г-СИИС-2"
Влатко Спасев,13:00:00,13:45:00,Среда,Амфитеатар Педагаошка,Интернет програмирање на клиентска страна,"2г-СИИС-2,2г-ИМБ,2y-SEIS-1,2г-ПИТ-2"
Влатко Спасев,15:00:00,16:45:00,Четврток,Барака 1,Структурно програмирање,1г-СИИС-2
Влатко Спасев,18:00:00,18:45:00,Четврток,117 ТМФ,Шаблони за дизајн на кориснички интерфејси,"2г-ПИТ-2,2г-ПИТ-1"
Влатко Спасев,19:00:00,19:45:00,Четврток,Барака 1,Основи на роботиката,"3г-ПИТ-1,3г-СИИС-1,3г-ПИТ-2"
Војдан Ќорвезироски,11:00:00,11:45:00,Понеделник,online,Мрежна и мобилна форензика,3г-ИМБ
Војдан Ќорвезироски,18:00:00,18:45:00,Вторник,online,Управување со техничка поддршка,"3г-ПИТ-2,3г-Oст"
Војдан Ќорвезироски,15:00:00,15:45:00,Вторник,online,Управување со техничка поддршка,"3г-ИМБ,3г-ПИТ-1"
Војдан Ќорвезироски,10:00:00,11:45:00,Петок,223 ФЕИТ,Компјутерски мрежи и безбедност,"2г-ПИТ-1,2г-ПИТ-2"
Војдан Ќорвезироски,12:00:00,13:45:00,Петок,112 ФЕИТ,Сајбер безбедност / Мрежна безбедност,3г-ИМБ
Георгина Мирчева,10:00:00,11:45:00,Понеделник,223 ФЕИТ,Бази на податоци,3г-КН
Георгина Мирчева,08:00:00,09:45:00,Понеделник,223 ФЕИТ,Бази на податоци,3г-ПИТ-1
Георгина Мирчева,12:00:00,13:45:00,Вторник,online,Бизнис и менаџмент,"1г-ПИТ-5,1г-СИИС-3,1г-ИМБ-1"
Георгина Мирчева,16:00:00,17:45:00,Петок,225 МФ,Бази на податоци,3г-ПИТ-2
Георгина Мирчева,10:00:00,13:45:00,Петок,online,Системи за поддршка при одлучувањето,2г-ИМБ
Георгина Мирчева,14:00:00,15:45:00,Петок,Амфитеатар МФ,Бази на податоци,3г-СИИС-1
Горан Велинов,14:00:00,17:45:00,Понеделник,Амфитеатар Педагаошка,Менаџмент информациски системи,"3г-ПИТ-1,3г-ПИТ-2"
Горан Велинов,11:00:00,12:45:00,Вторник,223 ФЕИТ,Бази на податоци,3г-СИИС-2
Гоце Арменски,09:00:00,10:45:00,Понеделник,online,Интернет програмирање на клиентска страна,"2г-СИИС-1,2г-КИ"
Гоце Арменски,18:00:00,19:45:00,Понеделник,online,Напреден веб дизајн,"3г-ПИТ-1,3г-ПИТ-2"
Гоце Арменски,12:00:00,13:45:00,Вторник,online,Интернет програмирање на клиентска страна,2г-ПИТ-1
Гоце Арменски,15:00:00,16:45:00,Вторник,Амфитеатар МФ,Напреден веб дизајн,"3г-СИИС-1,3г-СИИС-2"
Гоце Арменски,09:00:00,10:45:00,Среда,online,Интернет програмирање на клиентска страна,"2г-ПИТ-2,2г-КН"
Гоце Арменски,11:00:00,12:45:00,Среда,online,Интернет програмирање на клиентска страна,"2y-SEIS-1,2г-ИМБ,2г-СИИС-2"
Гоце Арменски,08:00:00,10:45:00,Четврток,Барака 2.1,Дизајн на образовен софтвер,3г-ПИТ-1
Дејан Ѓорѓевиќ,08:00:00,09:45:00,Понеделник,Барака 3.2,Структурно програмирање,1y-SEIS-1
Дејан Ѓорѓевиќ,13:00:00,14:45:00,Понеделник,online,Напредно програмирање,"2г-ПИТ-2,2г-ПИТ-1"
Дејан Ѓорѓевиќ,15:00:00,16:45:00,Вторник,online,Напредно програмирање,"2y-SEIS-1,2г-КИ,2г-КН"
Дејан Ѓорѓевиќ,09:00:00,10:45:00,Вторник,online,Напредно програмирање,"2г-СИИС-3,2г-СИИС-2,2г-ПИТ-5"
Дејан Ѓорѓевиќ,12:00:00,13:45:00,Вторник,Амфитеатар Педагаошка,Напредно програмирање,"2г-СИИС-1,2г-ПИТ-3,2г-ПИТ-4"
Дејан Ѓорѓевиќ,12:00:00,13:45:00,Петок,Барака 3.2,Структурно програмирање,1г-СИИС-1
Дејан Спасов,14:00:00,15:45:00,Понеделник,Амфитеатар ТМФ,Компјутерски мрежи и безбедност,2г-ПИТ-5
Дејан Спасов,10:00:00,11:45:00,Вторник,112 ФЕИТ,Компјутерски мрежи,2г-КИ
Дејан Спасов,09:00:00,11:45:00,Среда,112 ФЕИТ,Избрани теми од математика / Дискретна математика,1г-ПИТ-5
Мартин Динев,13:00:00,14:45:00,Среда,117 ТМФ,Алгоритми и податочни структури,"2г-КН,2г-КИ"
Мартин Динев,18:00:00,19:45:00,Среда,Барака 1,Веројатност и статистика,2г-СИИС-2
Мартин Динев,16:00:00,17:45:00,Четврток,315 ТМФ,Структурно програмирање,1г-СИИС-3
Мартин Динев,19:00:00,19:45:00,Четврток,Барака 2.1,Мултимедијални технологии,2г-Oст
Мартин Динев,14:00:00,15:45:00,Петок,Амфитеатар ТМФ,Алгоритми и податочни структури,"2г-ПИТ-4,2г-ПИТ-1"
Зорица Карапанчева,12:00:00,13:45:00,Вторник,112 ФЕИТ,Компјутерски мрежи,2г-КИ
Зорица Карапанчева,14:00:00,15:45:00,Вторник,117 ТМФ,Компјутерски мрежи и безбедност,2г-СИИС-2
Зорица Карапанчева,16:00:00,17:45:00,Среда,224 МФ,Структурно програмирање,1г-ПИТ-5
Зорица Карапанчева,12:00:00,12:45:00,Четврток,Барака 1,Физика,1г-КИ
Мила Додевска,17:00:00,17:45:00,Вторник,Амфитеатар МФ,Напреден веб дизајн,"3г-СИИС-1,3г-СИИС-2"
Мила Додевска,14:00:00,14:45:00,Вторник,online,Напреден веб дизајн,"3г-ПИТ-1,3г-ПИТ-2"
Мила Додевска,10:00:00,10:45:00,Вторник,online,Вовед во компјутерските науки,"1г-ПИТ-2,1г-ИМБ-1,1г-ИЕ"
Мила Додевска,16:00:00,17:45:00,Среда,online,Мобилни платформи и програмирање,4г-ПИТ
Мила Додевска,19:00:00,19:45:00,Среда,online,Мобилни информациски системи,"3г-СИИС-1,3г-СИИС-2,3y-SEIS-1,3г-ПИТ-2"
Мила Додевска,14:00:00,14:45:00,Петок,online,Вовед во компјутерските науки,"1г-ПИТ-5,1г-ПИТ-4"
Марија Танеска,17:00:00,18:45:00,Понеделник,ЛАБ.138,Вовед во компјутерските науки,1г-ССП
Марија Танеска,17:00:00,19:45:00,Вторник,ЛАБ.138,Вовед во компјутерските науки,1г-ССП
Марија Танеска,11:00:00,11:45:00,Среда,online,Вовед во компјутерските науки,1y-SEIS-1
Марија Танеска,18:00:00,18:45:00,Среда,online,Вовед во компјутерските науки,"1г-СИИС-3,1г-ИМБ-2"
Марија Танеска,09:00:00,09:45:00,Четврток,online,Вовед во компјутерските науки,1г-КН
Марија Танеска,11:00:00,12:45:00,Четврток,Барака 2.1,Компјутерски мрежи и безбедност,2y-SEIS-1
Марија Танеска,18:00:00,19:45:00,Четврток,Амфитеатар Педагаошка,Компјутерски мрежи и безбедност,"2г-ПИТ-3,2г-ПИТ-4"
Живко Атанаскоски,10:00:00,11:45:00,Понеделник,Барака 3.2,Математика 1 / Калкулус,1г-ИМБ-2
Живко Атанаскоски,18:00:00,19:45:00,Понеделник,Барака 2.2,Математика 1 / Калкулус,1г-СИИС-3
Живко Атанаскоски,12:00:00,14:45:00,Среда,112 ФЕИТ,Избрани теми од математика / Дискретна математика,1г-ПИТ-5
Живко Атанаскоски,17:00:00,18:45:00,Среда,116 ТМФ,Математика 1 / Калкулус,1y-Foreign Students
Живко Атанаскоски,17:00:00,18:45:00,Четврток,216 ТМФ,Математика 1 / Калкулус,1y-SEIS-1
Димитар Китановски,12:00:00,13:45:00,Четврток,Барака 2.2,Компјутерски мрежи и безбедност,"2г-СИИС-1,2г-КН"
Димитар Китановски,16:00:00,17:45:00,Четврток,225 МФ,Структурно програмирање,1г-ПИТ-2
Димитар Китановски,12:00:00,13:45:00,Петок,315 ТМФ,Компјутерски мрежи и безбедност,2г-ПИТ-5
Димитар Китановски,14:00:00,15:45:00,Петок,Барака 1,Структурно програмирање,1г-СИИС-1
Димитар Трајанов,10:00:00,11:45:00,Понеделник,112 ФЕИТ,Веб базирани системи,"4г-Oст,3г-СИИС-2,3г-СИИС-1,3г-ПИТ-1,3г-ПИТ-2"
Димитар Трајанов,09:00:00,10:45:00,Вторник,315 ТМФ,Веб програмирање,"3г-СИИС-1,3г-КН"
Димитар Трајанов,11:00:00,12:45:00,Вторник,Netaville,Вовед во науката за податоци,3y-SEIS-1
Димитар Трајанов,10:00:00,11:45:00,Среда,223 ФЕИТ,Веб програмирање,3г-ПИТ-1
Димитар Трајанов,14:00:00,15:45:00,Четврток,Амфитеатар МФ,Вовед во науката за податоци,"3г-КН,3г-СИИС-2"
Димитар Трајанов,10:00:00,11:45:00,Четврток,223 ФЕИТ,Веб програмирање,"3y-SEIS-1,3г-СИИС-2"
Димитар Трајанов,08:00:00,09:45:00,Петок,Барака 2.2,Веб програмирање,3г-ПИТ-2
Ѓорѓи Маџаров,13:00:00,14:45:00,Понеделник,online,Напредно програмирање,"2г-ПИТ-2,2г-ПИТ-1"
Ѓорѓи Маџаров,15:00:00,16:45:00,Вторник,online,Напредно програмирање,"2y-SEIS-1,2г-КИ,2г-КН"
Ѓорѓи Маџаров,09:00:00,10:45:00,Вторник,online,Напредно програмирање,"2г-СИИС-3,2г-СИИС-2,2г-ПИТ-5"
Ѓорѓи Маџаров,12:00:00,13:45:00,Вторник,Амфитеатар Педагаошка,Напредно програмирање,"2г-СИИС-1,2г-ПИТ-3,2г-ПИТ-4"
Ѓорѓи Маџаров,08:00:00,09:45:00,Четврток,223 ФЕИТ,Структурно програмирање,"1г-ПИТ-4,1г-КИ"
Емил Станков,17:00:00,19:45:00,Вторник,Барака 2.2,Програмски парадигми,4г-КН
Емил Станков,15:00:00,18:45:00,Среда,Барака 3.2,Структурно програмирање,"1г-ИМБ-1,1г-ИЕ"
Емил Станков,14:00:00,16:45:00,Четврток,216 ТМФ,Математика 1 / Калкулус,1y-SEIS-1
Емил Станков,14:00:00,16:45:00,Петок,203 ТМФ,Математика 1 / Калкулус,1y-Foreign Students
Ефтим Здравевски,08:00:00,09:45:00,Понеделник,Амфитеатар Педагаошка,Бази на податоци,3y-SEIS-1
Ефтим Здравевски,08:00:00,09:45:00,Среда,Барака 2.2,Алгоритми и податочни структури,2г-ПИТ-5
Иван Китановски,09:00:00,10:45:00,Понеделник,online,Интернет програмирање на клиентска страна,"2г-СИИС-1,2г-КИ"
Иван Китановски,19:00:00,19:45:00,Понеделник,Амфитеатар МФ,Интернет програмирање на клиентска страна,"2г-КИ,2г-КН,2г-СИИС-1,2г-ПИТ-1"
Иван Китановски,12:00:00,13:45:00,Вторник,online,Интернет програмирање на клиентска страна,2г-ПИТ-1
Иван Китановски,09:00:00,10:45:00,Среда,online,Интернет програмирање на клиентска страна,"2г-ПИТ-2,2г-КН"
Иван Китановски,11:00:00,12:45:00,Среда,online,Интернет програмирање на клиентска страна,"2y-SEIS-1,2г-ИМБ,2г-СИИС-2"
Иван Китановски,13:00:00,13:45:00,Среда,Амфитеатар Педагаошка,Интернет програмирање на клиентска страна,"2г-СИИС-2,2г-ИМБ,2y-SEIS-1,2г-ПИТ-2"
Иван Китановски,12:00:00,13:45:00,Петок,online,Вовед во компјутерските науки,"1г-ПИТ-5,1г-ПИТ-4"
Иван Чорбев,18:00:00,19:45:00,Понеделник,online,Напреден веб дизајн,"3г-ПИТ-1,3г-ПИТ-2"
Иван Чорбев,15:00:00,16:45:00,Вторник,Амфитеатар МФ,Напреден веб дизајн,"3г-СИИС-1,3г-СИИС-2"
Иван Чорбев,08:00:00,09:45:00,Среда,Барака 1,Структурно програмирање,1г-ИМБ-2
Иван Чорбев,12:00:00,13:45:00,Петок,online,Имплементација на софтверски системи со слободен и отворен код,"3г-СИИС-1,3г-СИИС-2,3г-ПИТ-1,3г-ПИТ-2"
Ивица Димитровски,10:00:00,11:45:00,Понеделник,online,Шаблони за дизајн на кориснички интерфејси,"2г-ПИТ-1,2г-СИИС-2"
Ивица Димитровски,11:00:00,12:45:00,Среда,online,Шаблони за дизајн на кориснички интерфејси,"2г-ПИТ-2,2г-СИИС-1"
Ивица Димитровски,09:00:00,10:45:00,Петок,117 ТМФ,Структурно програмирање,1г-СИИС-2
Игор Мишковски,10:00:00,11:45:00,Четврток,Барака 2.2,Компјутерски мрежи и безбедност,"2г-СИИС-1,2г-КН"
Игор Мишковски,14:00:00,15:45:00,Четврток,Барака 2.2,Вовед во науката за податоци,3г-СИИС-1
Илинка Иваноска,08:00:00,11:45:00,Понеделник,117 ТМФ,Алгоритми и податочни структури,2y-SEIS-1
Илинка Иваноска,12:00:00,14:45:00,Понеделник,117 ТМФ,Веројатност и статистика,2y-SEIS-1
Илинка Иваноска,08:00:00,11:45:00,Вторник,Барака 2.2,Алгоритми и податочни структури,2г-ИМБ
Борис Станоев,10:00:00,11:45:00,Понеделник,Амфитеатар Педагаошка,Бази на податоци,3y-SEIS-1
Петар Рогачиќ,10:00:00,11:45:00,Понеделник,online,Економија за ИКТ инженери,"2г-ПИТ-5,2г-ПИТ-2,2г-ИМБ"
Александар Петрушев,11:00:00,12:45:00,Вторник,Барака 3.2,Веб програмирање,"3г-СИИС-1,3г-КН"
Александар Петрушев,12:00:00,13:45:00,Среда,223 ФЕИТ,Веб програмирање,3г-ПИТ-1
Александар Петрушев,12:00:00,13:45:00,Четврток,223 ФЕИТ,Веб програмирање,"3y-SEIS-1,3г-СИИС-2"
Александар Петрушев,10:00:00,11:45:00,Петок,Барака 2.2,Веб програмирање,3г-ПИТ-2
Ана Атанасова,10:00:00,10:45:00,Вторник,223 ФЕИТ,Дизајн и архитектура на софтвер,"3г-ПИТ-1,3г-СИИС-2"
Ана Атанасова,10:00:00,10:45:00,Четврток,Амфитеатар Педагаошка,Дизајн и архитектура на софтвер,"3г-СИИС-1,3г-ПИТ-2"
Димитар Милевски,11:00:00,11:45:00,Среда,online,Иновации во ИКТ,4г-Oст
Димитар Милевски,18:00:00,19:45:00,Четврток,315 ТМФ,Пресметување во облак,4г-ИМБ
Јана Кузманова,16:00:00,16:45:00,Вторник,315 ТМФ,Анализа и дизајн на ИС,"4г-ПИТ,4г-СИИС"
Јана Кузманова,16:00:00,17:45:00,Среда,225 МФ,Бази на податоци,3г-ПИТ-1
Јана Кузманова,16:00:00,17:45:00,Четврток,Барака 3.2,Бази на податоци,3г-КН
Јана Кузманова,18:00:00,19:45:00,Петок,225 МФ,Бази на податоци,3г-ПИТ-2
Јана Кузманова,16:00:00,17:45:00,Петок,Амфитеатар МФ,Бази на податоци,3г-СИИС-1
Јана Кузманова,10:00:00,10:45:00,Петок,315 ТМФ,Дизајн и архитектура на софтвер,3y-SEIS-1
Јана Кузманова,08:00:00,09:45:00,Петок,223 ФЕИТ,Алгоритми и податочни структури,2г-ПИТ-5
Јасмина Јовановска,16:00:00,17:45:00,Понеделник,Барака 3.2,Математика 1 / Калкулус,"1г-ИМБ-1,1г-ИЕ"
Јасмина Јовановска,13:00:00,14:45:00,Четврток,Амфитеатар Педагаошка,Математика 1 / Калкулус,1г-СИИС-2
Јована Добрева,13:00:00,14:45:00,Вторник,Netaville,Вовед во науката за податоци,3y-SEIS-1
Јована Добрева,10:00:00,11:45:00,Среда,Барака 2.2,Вовед во науката за податоци,3г-ПИТ-2
Јована Добрева,14:00:00,15:45:00,Петок,Барака 2.2,Дизајн на дигитални кола,1г-КИ
Јована Добрева,08:00:00,09:45:00,Петок,Барака 3.2,Вовед во науката за податоци,3г-ПИТ-1
Катарина Тројачанец Динева,14:00:00,15:45:00,Понеделник,online,Програмирање на видео игри,"3г-СИИС-1,3г-СИИС-2,3г-КН,3y-SEIS-1"
Катарина Тројачанец Динева,16:00:00,16:45:00,Понеделник,online,Програмирање на видео игри,"3г-СИИС-1,3г-СИИС-2,3г-КН,3y-SEIS-1"
Катарина Тројачанец Динева,10:00:00,11:45:00,Понеделник,online,Шаблони за дизајн на кориснички интерфејси,"2г-ПИТ-1,2г-СИИС-2"
Катарина Тројачанец Динева,14:00:00,15:45:00,Вторник,Барака 1,Структурно програмирање,1г-ПИТ-1
Катарина Тројачанец Динева,11:00:00,12:45:00,Среда,online,Шаблони за дизајн на кориснички интерфејси,"2г-ПИТ-2,2г-СИИС-1"
Катарина Тројачанец Динева,15:00:00,16:45:00,Четврток,online,Програмирање на видео игри,"3г-ПИТ-1,3г-ПИТ-2"
Катарина Тројачанец Динева,14:00:00,14:45:00,Четврток,online,Програмирање на видео игри,"3г-ПИТ-1,3г-ПИТ-2"
Катерина Здравкова,10:00:00,11:45:00,Понеделник,Барака 2.1,Вовед во компјутерските науки,1y-SEIS-1
Катерина Здравкова,15:00:00,16:45:00,Понеделник,online,Вовед во компјутерските науки,1г-СИИС-2
Катерина Здравкова,16:00:00,19:45:00,Четврток,Амфитеатар МФ,Компјутерска етика,3y-SEIS-1
Кире Триводалиев,10:00:00,11:45:00,Понеделник,223 ФЕИТ,Бази на податоци,3г-КН
Кире Триводалиев,08:00:00,09:45:00,Понеделник,223 ФЕИТ,Бази на податоци,3г-ПИТ-1
Кире Триводалиев,17:00:00,19:45:00,Вторник,Барака 2.2,Програмски парадигми,4г-КН
Кире Триводалиев,16:00:00,17:45:00,Петок,225 МФ,Бази на податоци,3г-ПИТ-2
Кире Триводалиев,09:00:00,11:45:00,Петок,online,Професионални вештини,1y-SEIS-1
Кире Триводалиев,14:00:00,15:45:00,Петок,Амфитеатар МФ,Бази на податоци,3г-СИИС-1
Кирил Ќироски,17:00:00,17:45:00,Понеделник,online,Вовед во компјутерските науки,1г-СИИС-2
Кирил Ќироски,11:00:00,12:45:00,Четврток,315 ТМФ,Администрација на системи,"3г-ИМБ,3г-ПИТ-1,3г-ПИТ-2"
Кирил Ќироски,18:00:00,18:45:00,Четврток,online,Вовед во компјутерските науки,"1г-ПИТ-3,1г-ПИТ-1"
Коста Митрески,10:00:00,12:45:00,Среда,online,Професионални вештини,1г-СИИС-3
Коста Митрески,08:00:00,09:45:00,Четврток,online,Вовед во компјутерските науки,"1г-ПИТ-3,1г-ПИТ-1"
Коста Митрески,10:00:00,11:45:00,Четврток,online,Вовед во компјутерските науки,1г-КН
Костадин Мишев,11:00:00,14:45:00,Понеделник,Барака 1,Компјутерски мрежи и безбедност,2г-СИИС-3
Костадин Мишев,08:00:00,09:45:00,Понеделник,online,Мобилни платформи и програмирање,4г-ПИТ
Костадин Мишев,09:00:00,10:45:00,Вторник,315 ТМФ,Веб програмирање,"3г-СИИС-1,3г-КН"
Костадин Мишев,11:00:00,12:45:00,Вторник,Барака 3.2,Веб програмирање,"3г-СИИС-1,3г-КН"
Костадин Мишев,10:00:00,11:45:00,Среда,223 ФЕИТ,Веб програмирање,3г-ПИТ-1
Костадин Мишев,12:00:00,13:45:00,Среда,223 ФЕИТ,Веб програмирање,3г-ПИТ-1
Костадин Мишев,10:00:00,11:45:00,Четврток,223 ФЕИТ,Веб програмирање,"3y-SEIS-1,3г-СИИС-2"
Костадин Мишев,12:00:00,13:45:00,Четврток,223 ФЕИТ,Веб програмирање,"3y-SEIS-1,3г-СИИС-2"
Костадин Мишев,08:00:00,09:45:00,Петок,Барака 2.2,Веб програмирање,3г-ПИТ-2
Костадин Мишев,10:00:00,11:45:00,Петок,Барака 2.2,Веб програмирање,3г-ПИТ-2
Ласко Баснарков,11:00:00,13:45:00,Понеделник,315 ТМФ,Физика,1г-КИ
Ласко Баснарков,09:00:00,11:45:00,Среда,Барака 2.1,Компјутерска електроника,3г-КИ
Ласко Баснарков,11:00:00,13:45:00,Четврток,online,Професионални вештини,"1г-ПИТ-5,1г-ПИТ-3"
Љупчо Антовски,08:00:00,09:45:00,Понеделник,online,Мобилни платформи и програмирање,4г-ПИТ
Љупчо Антовски,08:00:00,09:45:00,Вторник,223 ФЕИТ,Дизајн и архитектура на софтвер,"3г-ПИТ-1,3г-СИИС-2"
Љупчо Антовски,10:00:00,10:45:00,Вторник,223 ФЕИТ,Дизајн и архитектура на софтвер,"3г-ПИТ-1,3г-СИИС-2"
Љупчо Антовски,08:00:00,11:45:00,Среда,117 ТМФ,Менаџмент информациски системи,"3г-СИИС-1,3г-СИИС-2,3y-SEIS-1"
Љупчо Антовски,08:00:00,09:45:00,Четврток,Амфитеатар Педагаошка,Дизајн и архитектура на софтвер,"3г-СИИС-1,3г-ПИТ-2"
Љупчо Антовски,10:00:00,10:45:00,Четврток,Амфитеатар Педагаошка,Дизајн и архитектура на софтвер,"3г-СИИС-1,3г-ПИТ-2"
Љупчо Антовски,08:00:00,09:45:00,Петок,315 ТМФ,Дизајн и архитектура на софтвер,3y-SEIS-1
Љупчо Антовски,10:00:00,10:45:00,Петок,315 ТМФ,Дизајн и архитектура на софтвер,3y-SEIS-1
Магдалена Костоска Ѓорчевска,09:00:00,11:45:00,Вторник,online,Професионални вештини,"1г-ИМБ-2,1г-КИ"
Магдалена Костоска Ѓорчевска,09:00:00,10:45:00,Среда,online,Иновации во ИКТ,4г-Oст
Магдалена Костоска Ѓорчевска,12:00:00,13:45:00,Петок,Барака 1,Алгоритми и податочни структури,2г-ПИТ-2
Марија Михова,12:00:00,13:45:00,Понеделник,223 ФЕИТ,Линеарна алгебра и примени,3г-КН
Марија Михова,15:00:00,17:45:00,Понеделник,117 ТМФ,Веројатност и статистика,2г-СИИС-2
Марија Михова,17:00:00,19:45:00,Среда,216 ТМФ,Веројатност и статистика,2г-СИИС-2
Марија Михова,15:00:00,16:45:00,Среда,Амфитеатар ТМФ,Линеарна алгебра и примени,3г-КН
Марјан Гушев,12:00:00,13:45:00,Вторник,Барака 2.1,Пресметување во облак,4г-ИМБ
Марјан Гушев,09:00:00,10:45:00,Среда,online,Иновации во ИКТ,4г-Oст
Марјан Гушев,10:00:00,11:45:00,Четврток,117 ТМФ,Компјутерски мрежи,2г-ИМБ
Мартина Тошевска,16:00:00,17:45:00,Среда,225 МФ,Бази на податоци,3г-ПИТ-1
Мартина Тошевска,15:00:00,15:45:00,Среда,online,Методологија на истражувањето во ИКТ,"3г-СИИС-1,3г-ПИТ-2"
Мартина Тошевска,16:00:00,17:45:00,Четврток,Барака 3.2,Бази на податоци,3г-КН
Мартина Тошевска,18:00:00,19:45:00,Петок,225 МФ,Бази на податоци,3г-ПИТ-2
Мартина Тошевска,16:00:00,17:45:00,Петок,Амфитеатар МФ,Бази на податоци,3г-СИИС-1
Мартина Тошевска,10:00:00,10:45:00,Петок,online,Обработка на природните јазици,"4г-СИИС,4y-SEIS-1"
Методија Јанчески,15:00:00,17:45:00,Понеделник,Барака 2.2,Математика 1 / Калкулус,1г-СИИС-3
Методија Јанчески,14:00:00,19:45:00,Среда,Амфитеатар Педагаошка,Избрани теми од математика / Дискретна математика,"1г-ПИТ-1,1г-ПИТ-4"
Миле Јованов,14:00:00,15:45:00,Понеделник,315 ТМФ,Структурно програмирање,1г-КН
Миле Јованов,12:00:00,14:45:00,Вторник,online,Професионални вештини,"1г-ПИТ-2,1г-СИИС-2"
Миле Јованов,17:00:00,18:45:00,Четврток,Барака 2.1,Мултимедијални технологии,2г-Oст
Милена Трајаноска,12:00:00,13:45:00,Понеделник,112 ФЕИТ,Веб базирани системи,"4г-Oст,3г-СИИС-2,3г-СИИС-1,3г-ПИТ-1,3г-ПИТ-2"
Милена Трајаноска,11:00:00,12:45:00,Вторник,Барака 3.2,Веб програмирање,"3г-СИИС-1,3г-КН"
Милена Трајаноска,12:00:00,13:45:00,Среда,223 ФЕИТ,Веб програмирање,3г-ПИТ-1
Милена Трајаноска,14:00:00,14:45:00,Среда,online,Бизнис и менаџмент,1y-SEIS-1
Милена Трајаноска,17:00:00,17:45:00,Четврток,online,Бизнис и менаџмент,"1г-ПИТ-1,1г-ПИТ-4,1г-ИМБ-2"
Милена Трајаноска,18:00:00,19:45:00,Четврток,Барака 3.2,Вовед во науката за податоци,"3г-КН,3г-СИИС-2"
Милена Трајаноска,12:00:00,13:45:00,Четврток,223 ФЕИТ,Веб програмирање,"3y-SEIS-1,3г-СИИС-2"
Милена Трајаноска,14:00:00,14:45:00,Петок,online,Бизнис и менаџмент,"1г-ПИТ-2,1г-ПИТ-3"
Милена Трајаноска,10:00:00,11:45:00,Петок,Барака 2.2,Веб програмирање,3г-ПИТ-2
Милош Јовановиќ,10:00:00,11:45:00,Понеделник,112 ФЕИТ,Веб базирани системи,"4г-Oст,3г-СИИС-2,3г-СИИС-1,3г-ПИТ-1,3г-ПИТ-2"
Милош Јовановиќ,12:00:00,13:45:00,Понеделник,112 ФЕИТ,Веб базирани системи,"4г-Oст,3г-СИИС-2,3г-СИИС-1,3г-ПИТ-1,3г-ПИТ-2"
Милош Јовановиќ,10:00:00,11:45:00,Четврток,Барака 3.2,Дизајн на дигитални кола,1г-КИ
Мирослав Мирчев,16:00:00,19:45:00,Среда,online,Оптички мрежи,4г-ИМБ
Мирослав Мирчев,17:00:00,19:45:00,Петок,online,Професионални вештини,"1г-ПИТ-1,1г-ПИТ-4"
Моника Симјаноска,08:00:00,11:45:00,Вторник,Барака 2.1,Микропроцесорски системи,3г-КИ
Моника Симјаноска,15:00:00,17:45:00,Вторник,Барака 2.1,Софтвер за вградливи системи,4г-Oст
Наташа Илиевска,08:00:00,10:45:00,Понеделник,Барака 1,Избрани теми од математика / Дискретна математика,1г-ПИТ-2
Наташа Илиевска,08:00:00,10:45:00,Вторник,Барака 3.2,Веројатност и статистика,2г-СИИС-1
Наташа Илиевска,12:00:00,14:45:00,Среда,Барака 1,Избрани теми од математика / Дискретна математика,1г-ПИТ-2
Невена Ацковска,13:00:00,14:45:00,Вторник,online,Напредна интеракција човек компјутер,3г-Oст
Невена Ацковска,13:00:00,14:45:00,Среда,Барака 3.2,Структурно програмирање,1г-ПИТ-3
Невена Ацковска,11:00:00,13:45:00,Петок,online,Вовед во биоинформатиката,"4y-SEIS-1,4г-КН"
Ненад Анчев,17:00:00,18:45:00,Вторник,112 ФЕИТ,Дистрибуирани системи,4г-ИМБ
Ненад Анчев,15:00:00,16:45:00,Вторник,Барака 2.2,Компјутерски мрежи,2г-ИМБ
Ненад Анчев,13:00:00,14:45:00,Среда,315 ТМФ,Алгоритми и податочни структури,2г-СИИС-1
Ненад Анчев,15:00:00,16:45:00,Среда,315 ТМФ,Бази на податоци,3г-СИИС-2
Панче Рибарски,09:00:00,11:45:00,Вторник,online,Професионални вештини,1г-КН
Панче Рибарски,08:00:00,10:45:00,Четврток,ЛАБ.138,Вовед во компјутерските науки,1y-Foreign Students
Панче Рибарски,11:00:00,13:45:00,Четврток,online,Професионални вештини,1y-Foreign Students
Панче Рибарски,10:00:00,11:45:00,Петок,online,Вовед во компјутерските науки,"1г-СИИС-3,1г-ИМБ-2"
Петар Секулоски,18:00:00,19:45:00,Среда,117 ТМФ,Математика 1 / Калкулус,1г-СИИС-1
Петар Секулоски,16:00:00,17:45:00,Четврток,117 ТМФ,Веројатност и статистика,2г-СИИС-2
Петар Секулоски,14:00:00,15:45:00,Четврток,Барака 3.2,Веројатност и статистика,2г-СИИС-3
Петар Секулоски,14:00:00,16:45:00,Петок,Барака 3.2,Дискретни структури 1,1г-КН
Петар Секулоски,12:00:00,13:45:00,Петок,Барака 2.2,Калкулус 1,"1г-КН,1г-КИ"
Петре Ламески,08:00:00,09:45:00,Вторник,223 ФЕИТ,Дизајн и архитектура на софтвер,"3г-ПИТ-1,3г-СИИС-2"
Петре Ламески,17:00:00,18:45:00,Среда,online,Мобилни информациски системи,"3г-СИИС-1,3г-СИИС-2,3y-SEIS-1,3г-ПИТ-2"
Петре Ламески,08:00:00,09:45:00,Четврток,Амфитеатар Педагаошка,Дизајн и архитектура на софтвер,"3г-СИИС-1,3г-ПИТ-2"
Петре Ламески,08:00:00,09:45:00,Петок,315 ТМФ,Дизајн и архитектура на софтвер,3y-SEIS-1
Ристе Стојанов,09:00:00,10:45:00,Вторник,315 ТМФ,Веб програмирање,"3г-СИИС-1,3г-КН"
Ристе Стојанов,10:00:00,11:45:00,Среда,223 ФЕИТ,Веб програмирање,3г-ПИТ-1
Ристе Стојанов,10:00:00,11:45:00,Четврток,223 ФЕИТ,Веб програмирање,"3y-SEIS-1,3г-СИИС-2"
Ристе Стојанов,12:00:00,13:45:00,Петок,online,Бизнис и менаџмент,"1г-ПИТ-2,1г-ПИТ-3"
Ристе Стојанов,08:00:00,09:45:00,Петок,Барака 2.2,Веб програмирање,3г-ПИТ-2
Сашо Граматиков,09:00:00,10:45:00,Вторник,315 ТМФ,Веб програмирање,"3г-СИИС-1,3г-КН"
Сашо Граматиков,10:00:00,11:45:00,Среда,223 ФЕИТ,Веб програмирање,3г-ПИТ-1
Сашо Граматиков,12:00:00,15:45:00,Среда,203 ТМФ,Мултимедиски мрежи,4г-Oст
Сашо Граматиков,14:00:00,15:45:00,Четврток,117 ТМФ,Компјутерски мрежи и безбедност,2г-СИИС-2
Сашо Граматиков,10:00:00,11:45:00,Четврток,223 ФЕИТ,Веб програмирање,"3y-SEIS-1,3г-СИИС-2"
Сашо Граматиков,08:00:00,09:45:00,Петок,Барака 2.2,Веб програмирање,3г-ПИТ-2
Сијче Печкова,13:00:00,14:45:00,Четврток,Барака 2.1,Веројатност и статистика,2y-SEIS-1
Сијче Печкова,16:00:00,17:45:00,Четврток,Амфитеатар ТМФ,Веројатност и статистика,2г-СИИС-1
Славе Темков,16:00:00,16:45:00,Понеделник,online,Програмирање на видео игри,"3г-СИИС-1,3г-СИИС-2,3г-КН,3y-SEIS-1"
Славе Темков,12:00:00,13:45:00,Вторник,Барака 1,Алгоритми и податочни структури,2г-ПИТ-2
Славе Темков,09:00:00,10:45:00,Среда,Амфитеатар Педагаошка,Алгоритми и податочни структури,2г-СИИС-3
Славе Темков,12:00:00,13:45:00,Четврток,117 ТМФ,Алгоритми и податочни структури,2г-СИИС-2
Славе Темков,14:00:00,14:45:00,Четврток,online,Програмирање на видео игри,"3г-ПИТ-1,3г-ПИТ-2"
Слободан Калајџиски,10:00:00,11:45:00,Понеделник,223 ФЕИТ,Бази на податоци,3г-КН
Слободан Калајџиски,08:00:00,09:45:00,Понеделник,223 ФЕИТ,Бази на податоци,3г-ПИТ-1
Слободан Калајџиски,08:00:00,09:45:00,Вторник,117 ТМФ,Алгоритми и податочни структури,2г-ПИТ-3
Слободан Калајџиски,15:00:00,16:45:00,Вторник,Амфитеатар ТМФ,Вовед во науката за податоци,3г-ПИТ-2
Слободан Калајџиски,16:00:00,17:45:00,Петок,225 МФ,Бази на податоци,3г-ПИТ-2
Слободан Калајџиски,14:00:00,15:45:00,Петок,Амфитеатар МФ,Бази на податоци,3г-СИИС-1
Смилка Јанеска Саркањац,12:00:00,13:45:00,Понеделник,online,Бизнис и менаџмент,"1г-СИИС-1,1г-СИИС-2"
Смилка Јанеска Саркањац,08:00:00,09:45:00,Понеделник,online,Економија за ИКТ инженери,"2г-ПИТ-5,2г-ПИТ-2,2г-ИМБ"
Смилка Јанеска Саркањац,12:00:00,13:45:00,Среда,online,Економија за ИКТ инженери,"2г-ПИТ-3,2г-ПИТ-4,2г-ПИТ-1"
Смилка Јанеска Саркањац,10:00:00,11:45:00,Петок,online,Економија за ИКТ инженери,"2г-СИИС-1,2г-СИИС-2,2г-СИИС-3,2y-SEIS-1"
Соња Гиевска,10:00:00,11:45:00,Понеделник,223 ФЕИТ,Бази на податоци,3г-КН
Соња Гиевска,08:00:00,09:45:00,Понеделник,223 ФЕИТ,Бази на податоци,3г-ПИТ-1
Соња Гиевска,16:00:00,17:45:00,Петок,225 МФ,Бази на податоци,3г-ПИТ-2
Соња Гиевска,08:00:00,09:45:00,Петок,online,Обработка на природните јазици,"4г-СИИС,4y-SEIS-1"
Соња Гиевска,14:00:00,15:45:00,Петок,Амфитеатар МФ,Бази на податоци,3г-СИИС-1
Стефан Андонов,15:00:00,16:45:00,Понеделник,online,Напредно програмирање,"2г-ПИТ-2,2г-ПИТ-1"
Стефан Андонов,13:00:00,14:45:00,Понеделник,Барака 2.2,Структурно програмирање,1y-SEIS-1
Стефан Андонов,15:00:00,16:45:00,Вторник,Амфитеатар Педагаошка,Напредно програмирање,"2г-СИИС-1,2г-ПИТ-3,2г-ПИТ-4"
Стефан Андонов,17:00:00,18:45:00,Вторник,Амфитеатар Педагаошка,Напредно програмирање,"2г-КН,2y-SEIS-1,2г-КИ"
Стефан Андонов,15:00:00,16:45:00,Среда,online,Напредно програмирање,"2г-СИИС-3,2г-ПИТ-5,2г-СИИС-2"
Стефан Андонов,10:00:00,11:45:00,Петок,Барака 3.2,Структурно програмирање,"1г-ПИТ-4,1г-КИ"
Христина Михајлоска,11:00:00,12:45:00,Понеделник,Барака 2.2,Алгоритми и податочни структури,2г-СИИС-1
Христина Михајлоска,14:00:00,15:45:00,Понеделник,Амфитеатар МФ,Структурно програмирање,1г-ПИТ-5
Христина Михајлоска,11:00:00,11:45:00,Вторник,315 ТМФ,Информациска безбедност,3г-ПИТ-1
Христина Михајлоска,09:00:00,10:45:00,Среда,203 ТМФ,Структурно програмирање,1г-ССП
Христина Михајлоска,09:00:00,10:45:00,Четврток,203 ТМФ,Структурно програмирање,1г-ССП
Елена Ризова,12:00:00,14:45:00,Четврток,Слушална 7 на Филозофскиот факултет ,Педагогија,1г-ИЕ
